ID,CAM17U_COD,CAM17U_DEN,CAM17U_NOME,DAB,IV,ST,TSO,TSOFM,ICMI,AAST,PDU,ADD,ADDSP,OAI,OSS,POP_NFR,EDI,IVMS
1,CU011_01,Piemonte 1 - 01,Torino - Zona Statistica 16,4524.2507475615,202.2167775055,114.094177685,64.5569895749,88.5936817539,22.5485365133,2.4915463285,27.8696118987,849.9837624681,219.9628856414,14.1464100955,35.2886426113,28.4980388255,53.7666918619,97.2114927748
2,CU011_02,Piemonte 1 - 02,Torino - Zona Statistica 38,5989.8207795684,166.1598609904,196.0420956303,59.7534899459,79.7030331175,32.7688651218,4.7702238351,8.5397124754,357.4651109586,51.3475177305,22.5085665334,27.7329621169,38.7154605731,29.4614691302,106.016724134
3,CU011_03,Piemonte 1 - 03,Torino - Zona Statistica 48,10650.857128129,211.3077461933,113.6494870426,63.6101305734,85.5864788908,26.8707482993,3.2166618137,17.5258151897,311.2129934746,68.0195023683,17.7220649967,32.9812416492,33.4624842031,30.8105263158,98.231973445
4,CU011_04,Piemonte 1 - 04,Torino - Zona Statistica 61,8572.7915865785,245.367983368,82.7129501385,62.9725725726,84.1853741233,27.7553083923,3.0413732653,14.2015231598,342.1437365343,53.6655509388,19.7051823608,32.9021968026,34.2319528985,12.7659574468,100.1492006371
5,CU011_05,Piemonte 1 - 05,Ivrea,109.2324763274,182.1448233896,58.9878732048,64.3354806355,80.5362412747,29.7092902241,2.364261547,9.502166456,331.7652566561,47.8389235393,26.8607677886,26.207291989,20.0606634463,51.7346473421,94.6180510203
6,CU011_06,Piemonte 1 - 06,Collegno,1405.6272049609,164.9528775904,36.9602875814,62.9637907912,81.6114144136,29.2136865609,3.4674261611,9.802507224,399.4893549309,56.3626303284,25.526946422,29.1714040826,33.3688831475,16.7838836572,94.1240922196
7,CU011_07,Piemonte 1 - 07,Settimo Torinese,371.6843005902,146.3666253693,52.3649448416,63.765998055,80.3419792284,29.5830421617,3.0636803102,10.2246132711,326.9934459272,47.7317767692,26.3456499267,27.2856215592,27.9907926198,33.905160118,94.6796290893
8,CU011_08,Piemonte 1 - 08,Moncalieri,392.3648925521,144.933685587,60.9167024474,63.8314484456,78.9881455503,29.8954248366,3.2863471225,9.6028004667,308.7085199043,41.1849046188,25.8485948488,27.0194783337,27.1560839001,23.0927428443,95.0824568301
9,CU011_09,Piemonte 1 - 09,Pinerolo,106.1106468335,168.3022884513,54.5821471044,63.6611155766,78.0981610246,30.9033382837,2.3168515055,9.9817298888,295.9998558507,59.2129446106,26.3795917299,25.1865492534,18.8614948312,43.6288088643,94.8341139384
10,CU012_01,Piemonte 2 - 01,Verbania,99.7670981709,190.1796778191,61.2051088242,65.0348416152,79.6244492475,32.7337605593,2.2069328521,9.5976344443,339.9693780646,61.6082330368,26.1786816346,25.6247081338,24.8147154153,41.6476575843,95.0781544064
11,CU012_02,Piemonte 2 - 02,Novara,263.7965472675,156.0927152318,91.9025679702,64.3289721762,78.0541681907,32.672932585,2.5262127515,11.2836303972,335.9568097133,56.4557680389,24.524237297,27.0718135673,37.2205753568,31.5312859062,95.9719369869
12,CU012_03,Piemonte 2 - 03,Biella,125.5514306952,221.501065482,53.2231054584,65.3134596659,83.5686525957,32.5160167682,2.7436593563,8.9334244212,371.9130895601,63.4022257552,31.513619827,22.2859705082,22.2518258471,54.6787635827,96.5665343548
13,CU012_04,Piemonte 2 - 04,Vercelli,113.1629240134,218.3074884504,74.3357581278,62.67779757,79.9629519425,28.7546679656,3.0839057403,9.5456642746,342.6606443742,68.3566411652,25.1024473828,23.0627896655,25.38705979,55.3972932516,97.084234078
14,CU012_05,Piemonte 2 - 05,Alessandria,130.7232562379,227.6265843145,94.2629322791,63.3648658284,77.2575563457,29.169941833,2.8910151649,10.9352867026,367.2123137063,69.2645980943,21.1841637902,26.2297470833,32.2506682361,51.8632190418,97.4608761097
15,CU012_06,Piemonte 2 - 06,Asti,129.0494303844,200.8656937917,101.1102560434,63.9049585496,77.5621644519,29.5041256108,3.422840316,9.2491918895,308.5939463782,56.7502871352,21.5372320421,23.6367055284,21.4082592291,58.1969700507,97.9693622835
16,CU012_07,Piemonte 2 - 07,Cuneo,71.9325432426,155.1503612576,83.8107946378,67.4276755224,79.0842309026,26.2587822014,1.8495262511,10.1263598326,379.8689016212,68.4999346572,22.5158685257,22.0237310992,10.1447425714,44.1915707079,94.5351639918
17,CU012_08,Piemonte 2 - 08,Alba,103.6254046594,168.143454694,99.5926983397,68.0748240471,78.4313710682,26.1422400681,2.1640954925,9.0595270232,389.7545364745,57.3639057658,26.2405843415,21.3634634406,12.8567349454,43.496099078,95.549752277
18,CU021_01,Valle d'Aosta/Vallè d'Aoste - 01,Aosta,38.8868322222,152.6372200598,66.3927574405,68.3288426135,83.3605043657,35.2467128517,1.8742182614,11.7245592432,438.5675756668,107.3766225573,10.2457802784,26.0290198401,31.011006276,28.3109671448,94.6032452578
19,CU031_01,Lombardia 1 - 01,Abbiategrasso,639.8822338323,131.5858580946,68.2435024796,66.1626845638,79.2853899343,28.9275870709,1.8882299007,9.9543703807,288.3456723459,41.4043738366,28.647979556,28.5585369749,19.8397145058,14.3236831701,91.8712281294
20,CU031_02,Lombardia 1 - 02,Legnano,2018.0713891366,144.8851349632,70.4823393744,66.2194719204,81.5624243492,28.769201593,2.0949751567,12.0351469274,379.6892128529,51.9283609288,24.349286989,32.0645970322,24.8367865033,14.2633808021,92.6027651903
21,CU031_03,Lombardia 1 - 03,Bollate,2189.3645676222,134.3724716828,65.9477548132,65.6554913036,78.9112133782,28.4947243554,2.5644790515,10.2452419278,321.3985611935,43.2600171006,25.6625748879,30.7763207508,26.9221360311,8.1187125704,93.4327036479
22,CU031_04,Lombardia 1 - 04,Seregno,2392.3111566463,129.6544010226,65.9009072439,66.9794949888,77.0418203627,27.5747314339,2.0807454715,11.4986735769,320.2208766671,47.548161708,27.2879447753,28.4337688502,20.8808011198,15.2133627166,91.6951163994
23,CU031_05,Lombardia 1 - 05,Monza,2284.4827505804,158.5724523434,82.0030429638,65.9161142323,79.7654725979,25.1875827571,1.5568146114,17.3393474313,423.0605131178,77.2655187126,23.4117647059,33.0756302521,22.7216324884,18.9618189618,93.2820049319
24,CU031_06,Lombardia 1 - 06,Gorgonzola,1087.6101650429,117.6862982114,79.8505807904,67.7637221269,80.4831219853,28.6356551972,1.6339670513,11.2934671171,388.0976341958,34.6120388217,27.4594273406,31.5534593531,19.7154170127,13.9191699674,90.5392768543
25,CU031_07,Lombardia 1 - 07,Cinisello Balsamo,3984.739570448,149.4155667643,83.6991885437,65.1707253379,80.5289164036,27.6777939042,3.1122424475,9.701311879,380.6887834095,47.8899168183,22.0570549849,32.6291820279,31.4373405797,8.124753646,94.7009592842
26,CU031_08,Lombardia 1 - 08,Milano - Area Statistica 117,4376.5238280481,198.80697461,152.1584721016,65.7306336772,85.644787019,29.6604620709,2.7831273271,13.489014005,370.6012855251,67.8495953139,13.4058240858,39.270552937,31.9427637635,22.6412409278,101.165885413
27,CU031_09,Lombardia 1 - 09,Milano -Sesto San Giovanni,7146.7307474476,192.7433942188,139.8997095413,67.4216602529,85.2693254127,27.0168664906,2.4045847336,15.0071687702,425.1018432254,71.8245921704,14.9962809478,39.4517054511,32.1460619866,20.1927489674,97.3812993911
28,CU031_10,Lombardia 1 - 10,Cologno Monzese,1902.1328601034,131.7205904279,100.491331112,66.7037991135,82.051999633,26.7515489889,2.3531021942,15.9654670388,503.6200372734,42.6799194292,19.7403524274,37.8196740811,30.145993956,7.0579460165,94.8191066722
29,CU031_11,Lombardia 1 - 11,Milano - Area Statistica 74,12063.0558228136,209.508111712,123.3879268229,68.7019721851,85.8399518705,22.0594525235,1.514890581,30.8360887517,525.8809188402,71.3936755031,10.8387852749,45.5087936291,30.620559797,30.531280344,98.4800763457
30,CU031_12,Lombardia 1 - 12,Milano - Area Statistica 84,11063.3660749664,177.7954333483,137.6785714286,69.8525570932,84.7431060033,18.5337243402,1.1689823707,35.5817561608,1677.1116071429,206.9151785714,9.7879114191,47.179175055,31.4894388072,49.3466406009,94.8726110516
31,CU031_13,Lombardia 1 - 13,Milano - Area Statistica 105,15202.5265378235,199.5744680851,132.6656219482,70.5544714401,88.0265526882,20.6928838951,1.4333050782,33.1064184496,548.8814698735,90.2091708115,10.2318075968,45.7034911248,32.1584934118,50.9072117593,94.8349925316
32,CU031_14,Lombardia 1 - 14,Milano - Area Statistica 144,3920.2332200741,201.3378470753,150.3749159173,66.9415747895,86.5386566644,28.3401184308,2.4013309108,17.384358292,545.7265362886,79.8362502631,12.5516825403,41.5162806082,32.6735702975,23.9438791243,99.7305845876
33,CU031_15,Lombardia 1 - 15,Rozzano,1052.4271918984,126.1729144298,79.8724163081,66.8638616472,82.6049464658,31.1107138601,2.6772972638,11.2869750169,427.4716723025,43.7120712459,18.6095098077,36.6363601192,30.2489105659,7.7385384534,94.4078512844
34,CU032_01,Lombardia 2 - 01,Sondrio,62.8041260795,156.3989381405,48.635859333,64.8141572352,73.3553671312,27.4861602081,1.1474291069,8.8584219362,345.0359736417,70.6318921463,17.3444964391,26.8832856264,6.6066079334,33.0016226097,92.8472011327
35,CU032_02,Lombardia 2 - 02,Varese,485.0035124419,166.8573574875,79.5982144595,64.4129994957,78.9888535971,31.1427646488,2.4063171893,12.7635892282,319.9378874736,79.6643744187,24.8967132687,25.3947028662,26.2321353066,30.7504806372,96.0255435165
36,CU032_03,Lombardia 2 - 03,Gallarate,719.3320525212,144.5214261613,77.1934228693,65.9548242422,77.7871006198,29.369998873,2.2659311302,11.2306776248,369.321528227,46.3450193587,32.6530762437,25.9905799235,25.3630618565,20.2947571877,94.351415686
37,CU032_04,Lombardia 2 - 04,Busto Arsizio,1286.3127359035,148.8750933532,71.1656038393,65.569738134,77.3144022112,28.4077096718,2.1472342512,11.702644769,399.5036486753,53.0832949839,28.8212151018,28.817432095,24.0103337226,16.645257251,94.0198526325
38,CU032_05,Lombardia 2 - 05,Como,973.4345139458,143.997358366,77.786531456,66.3332782278,79.0519369717,28.5016854586,1.9149511544,12.6649703555,371.8596179356,63.1880896107,26.8294170568,27.7344047819,21.8057492498,23.9306286261,93.9935572023
39,CU032_06,Lombardia 2 - 06,Cant├╣,610.6381168391,134.9837831404,66.1624652269,65.9978646945,74.6211481938,28.4028776978,1.9345087085,10.5680892974,356.915284699,44.5827009317,31.6421587497,24.6044730156,17.8156553448,22.4711567363,92.231218878
40,CU032_07,Lombardia 2 - 07,Merate,639.6322013133,115.4481918627,79.9611597868,65.5542490501,72.4496371547,29.1906005222,1.5734970569,9.6719156434,336.2568873634,36.8620720802,34.2415819002,23.2662329067,10.4606926343,22.9808017042,92.1901346727
41,CU032_08,Lombardia 2 - 08,Lecco,325.0189593874,147.272170317,73.0313888743,65.1378892804,74.3105078503,27.9924048784,1.4763568932,10.7584350977,391.5441499359,65.5003425199,34.8007102186,22.7116879936,12.2860540141,32.9014434403,94.4644695887
42,CU033_01,Lombardia 3 - 01,Brescia,1334.2521957567,159.537299339,142.034379203,64.9429653385,79.0254241515,26.0601769912,1.3601503427,15.8849793326,518.1494924185,109.2838587247,23.8332258233,27.187538137,12.9965340858,23.7032680219,97.7075321205
43,CU033_02,Lombardia 3 - 02,Lumezzane,106.7912763427,139.8820877406,97.949747084,63.564522076,69.3722796728,28.7094975528,1.640164981,7.4617962349,354.3121367362,52.3566600012,37.0972275457,20.5578978749,6.8902800607,29.6105455364,94.8370865273
44,CU033_03,Lombardia 3 - 03,Desenzano del Garda,313.3045397878,113.320323793,128.8765837996,65.1606320331,71.2336969113,31.2464101091,2.0318372876,9.4671296851,360.6621676184,47.4861087078,28.6124712045,24.0796377237,12.6092522292,22.0034129023,97.1043892742
45,CU033_04,Lombardia 3 - 04,Palazzolo sull'Oglio,567.1065640959,100.9097656156,125.6566231487,63.8983682377,66.2857380182,31.4893617021,1.6712558871,7.9812393179,395.5509705572,49.5614607172,31.1551245276,20.2322087147,7.1145709016,22.3967005661,94.4422266865
46,CU033_05,Lombardia 3 - 05,Bergamo,1841.6371606176,139.9195198472,102.292686197,65.6732828862,76.6601509635,26.1411278417,1.1409762698,15.9408063408,486.3712542736,90.4035664008,24.1703748834,28.2585391811,12.0124560342,18.4167337088,93.6705467668
47,CU033_06,Lombardia 3 - 06,Albino,175.3788048725,127.0289855072,85.6382148709,64.0019693067,69.5968411324,31.1120432024,1.4614532372,7.3434107904,353.5506228707,48.0091545083,33.2504152284,20.5539949943,5.2623532507,25.6184133963,93.2516247845
48,CU033_07,Lombardia 3 - 07,Treviglio,810.0091652153,96.5,122.4345513384,65.2819359728,70.5376946368,32.2213300241,1.6262548175,7.9768127561,417.5416300199,40.7273523013,35.1768748357,22.5562356829,11.0657683363,13.0790279497,95.2530881587
49,CU033_08,Lombardia 3 - 08,Romano di Lombardia,332.2165633165,101.8257622615,135.2390031728,63.394465413,64.6522288816,30.5679642629,1.5918412481,7.0923273955,322.0733469382,37.5150820014,30.2928848686,19.4364354629,7.013297964,22.1092757306,95.3895705207
50,CU034_01,Lombardia 4 - 01,Vigevano,172.9683573877,187.3838106941,84.7135969446,63.3441604467,76.8210326009,30.844868013,3.1588684941,9.8023237844,297.4740978639,54.6805337458,25.6382209709,25.3871176381,27.0929335339,32.9934584319,95.8337991214
51,CU034_02,Lombardia 4 - 02,Pavia,187.8291659683,178.3004129003,87.6551167271,66.4489031509,80.6516262346,27.9224927248,2.0845812339,14.589002208,307.5029748413,80.7138202629,17.9908514282,28.7794133016,21.8219294534,31.1119430925,94.1495361131
52,CU034_03,Lombardia 4 - 03,Lodi,333.0254585191,132.9202385389,96.2791278268,66.2082974835,77.0969582883,28.9232078799,2.2213592233,10.3171108139,304.1338151001,59.9509461589,22.4466195533,31.4878500435,18.3244920129,17.4005681818,92.9870200624
53,CU034_04,Lombardia 4 - 04,Cremona,283.8609985533,164.8232440241,96.5848452508,64.4559969044,75.0569160824,25.0400641026,1.7421825727,11.1784256255,351.2476495401,72.2671138893,26.8972739192,24.3721159904,11.2379505848,26.4982531578,94.1204803475
54,CU034_05,Lombardia 4 - 05,Suzzara,136.2080831653,150.1788932828,135.0802224653,65.3135223877,71.3966626875,28.2673860911,2.8457838471,7.8250282392,332.3523918074,47.3177221318,34.0883681213,18.07329677,15.0151831007,36.9059944482,99.5839509613
55,CU034_06,Lombardia 4 - 06,Mantova,187.7171756369,166.4866385373,109.9963710043,66.8197879859,76.5863063556,28.0885064536,2.7820920364,11.0019155871,385.8680860072,69.2911361781,27.2100442523,23.0137902645,20.8177949184,24.2768506265,96.8472625817
56,CU041_01,Trentino-Alto Adige/Sudtirol - 01,Bolzano,349.7699667076,136.8858712237,106.7206750271,71.1042761099,85.474893553,25.2141633352,1.1660344946,13.6044991596,541.2113580046,139.769845461,9.9484029484,26.3501228501,16.0924841973,30.4735510302,97.9241076191
57,CU041_02,Trentino-Alto Adige/Sudtirol - 02,Merano,50.3834803913,110.6449233795,69.7410343929,73.9371929075,83.8184352545,28.8123557607,0.7856965568,9.0806247362,364.8162125696,66.9022316329,9.9563179203,25.9082676326,5.0190277878,24.3196574112,99.0214854308
58,CU041_03,Trentino-Alto Adige/Sudtirol - 03,Bressanone,46.4157814742,90.7912478549,57.8545886656,73.8380112003,82.0848456097,29.1281978998,0.722922217,9.236121423,499.6960785924,92.4742488213,11.7752696481,27.6820601008,4.215102762,21.1524070841,99.1526491021
59,CU041_04,Trentino-Alto Adige/Sudtiroll - 04,Trento,122.2713228415,132.0277568085,95.7180055936,67.3819018508,79.9974517688,21.6731380162,0.6683180945,15.1803294695,465.684426481,121.8536020831,11.9600097537,26.2843208973,12.6893636412,37.3078339317,93.0450107852
60,CU041_05,Trentino-Alto Adige/Sudtirol - 05,Rovereto,79.311774612,129.4607020361,91.0601754953,67.3385354671,79.5914297066,20.8684695163,0.7823785187,11.9150853089,415.6017265926,89.8123096296,18.493799959,25.5303340849,14.7210244186,39.439178331,93.1081289083
61,CU041_06,Trentino-Alto Adige/Sudtirol - 06,Pergine Valsugana,56.8370886352,121.1526282457,64.9016302227,67.9680036684,78.4175156456,22.2775520902,0.9005604887,10.221959589,383.3390082466,78.1726225574,13.8246477709,25.3715167435,14.9354340219,43.2588746369,91.8529984478
62,CU051_01,Veneto 1 - 01,Venezia,668.9537640791,221.8936438733,96.244587543,64.6799129541,80.0615315744,24.7985938187,2.6304037737,15.749355591,495.9614744088,102.0248140335,12.6624655376,37.9420175694,10.783771748,31.3369692645,95.1215366791
63,CU051_02,Veneto 1 - 02,San Donà di Piave,215.4869192731,147.6472799838,84.9606575133,63.8450987619,71.829245623,24.075294807,4.7208279483,9.0017499663,336.0437705075,44.1288904463,20.7571705248,28.0632666236,16.4505291742,7.8456195576,94.142125604
64,CU051_03,Veneto 1 - 03,Chioggia,315.374780775,147.5799595438,59.9419442713,63.9581777446,71.9694870554,25.3929694198,4.2761608283,8.8011313147,296.5448502345,44.7569164546,25.6584560341,26.4923627357,6.0165081189,14.7915732855,92.4167038839
65,CU051_04,Veneto 1 - 04,Castelfranco Veneto,480.3758527107,107.1769262781,86.0029959124,65.3647468139,72.1095469747,23.6611976347,2.2463606995,9.8772936215,366.7098281159,45.1519536903,28.005773449,24.1871142984,7.8695318837,9.3106535363,92.6495336771
66,CU051_05,Veneto 1 - 05,Montebelluna,271.4119144867,116.6519797016,122.8542053434,64.955312143,72.24059776,23.9747634069,2.3270947758,8.5825937694,374.429290493,42.1679408655,35.2759287578,20.2505172259,6.6428166698,22.7797833935,95.8963776443
67,CU051_06,Veneto 1 - 06,Conegliano,291.6015618035,142.8446377888,120.7213327363,66.6780081898,75.4407096794,21.9755747126,2.7609785747,9.9716646989,407.6757399373,50.6453704704,35.5156552193,20.7638562194,11.2528533802,20.6739015701,94.7826814732
68,CU051_07,Veneto 1 - 07,Belluno,57.807031912,185.7759436641,59.474352524,67.331266468,83.3590167564,21.095610752,2.2177068215,10.0766646863,402.6018831309,71.9135580632,30.8719782796,22.3953506122,10.7125935511,39.5586505048,91.9487870159
69,CU051_08,Veneto 1 - 08,Treviso,538.9944829862,140.1465551974,89.5092781985,66.6274549918,76.9886621588,22.7529067744,2.0915628244,14.367513166,418.1583651206,70.2047284722,23.2701575649,28.0886624882,11.6143421521,14.4636207104,93.1405765792
70,CU052_01,Veneto 2 - 01,Rovigo,133.2063759031,203.24204883,65.3809176023,64.0756196576,76.5432316295,25.1415628539,5.2107404555,9.2860795646,348.3901315871,58.6055647021,24.8663127367,22.026843439,12.338854943,19.8450201108,94.9519282893
71,CU052_02,Veneto 2 - 02,Padova,1637.4470903289,180.7460922812,112.4455922365,66.1527301075,82.2586236953,20.0462553568,2.03192069,23.0620075086,519.1166149815,122.6892906161,15.8951619289,31.4997228601,14.2599502972,9.2135570911,94.6347566408
72,CU052_03,Veneto 2 - 03,Vigonza,458.5863551625,110.1758692853,95.8869655745,66.8919627951,72.081847148,23.7401238522,2.1314232688,9.6189006857,407.2728661982,39.1437094674,33.0565595389,22.454262549,6.1049858969,9.2408798283,93.2729446319
73,CU052_04,Veneto 2 - 04,Abano Terme,247.9467583413,150.58512999,65.8719352475,65.2470187394,73.2650152997,23.9109337934,3.8606206652,9.2724062948,334.6173560034,44.127404398,24.8807670711,25.8644831581,5.8263735302,13.9109838889,93.7035214838
74,CU052_05,Veneto 2 - 05,Vicenza,375.2874866741,133.6778984871,121.9912513553,65.9869330534,76.3565353157,23.1464032751,1.6278622092,12.3967360306,449.6130407148,69.4993831084,29.5737904865,23.9692031441,10.0110287386,18.4464829305,94.3046823743
75,CU052_06,Veneto 2 - 06,Bassano del Grappa,271.8531568659,123.953549403,81.0641774884,65.5334403479,73.7796295147,23.5023041475,1.6440483135,9.9033584504,412.3217011776,52.4052267362,35.6969543885,21.0322472005,6.7153092365,21.512693365,92.557090327
76,CU052_07,Veneto 2 - 07,Schio,321.3786309658,123.7697185107,110.3889706157,65.9899453597,74.4074716664,25.5581260844,1.5258388768,8.7725365329,385.7158873551,46.2490784498,41.4485300951,19.6787584028,6.4036906767,25.6761225575,92.5298451535
77,CU052_08,Veneto 2 - 08,San Bonifacio,189.0908462564,115.051933572,95.3066112173,66.4450822324,73.635407903,23.0597988793,1.8801622953,10.0131920015,354.6219111449,55.9474964261,24.4056758344,24.5798254382,9.8487569132,27.84084372,93.7013255667
78,CU052_09,Veneto 2 - 09,Verona,1269.4782698976,191.6718323828,119.5350863298,65.3328283307,80.7299394936,22.1048716995,1.4427591557,17.9721146838,484.1121495327,99.3822271503,14.4856260617,33.1862933729,16.8902781838,32.375063994,96.2584858281
79,CU052_10,Veneto 2 - 10,Legnago,192.7329476897,131.1772026678,103.6009805487,66.432262381,73.6862600589,24.3343853686,3.0529591244,7.5113377056,350.1751650684,41.0393440467,31.1310072968,20.9259414577,8.8316804711,18.3015964609,96.6507837609
80,CU052_11,Veneto 2 - 11,Villafranca di Verona,336.2292854051,115.3247207722,98.1659897645,68.1811634463,75.9105266276,24.8878564563,2.0203460734,9.6889681966,387.5507676617,47.3163713188,20.7486798971,29.0815224859,14.8923601995,14.4114144041,93.4154593078
81,CU061_01,Friuli-Venezia Giulia - 01,Trieste,1794.5958071885,248.7706893781,73.6823534202,64.5175468002,87.2381688199,27.3163972286,1.2045091037,16.0555997912,388.338754258,103.1589137643,69.1521495469,23.0513497597,13.4297672011,43.0766494754,94.8574487621
82,CU061_02,Friuli-Venezia Giulia - 02,Gorizia,154.7373186069,204.4585987261,64.9338509149,63.7480255558,78.8404154255,27.1969019958,1.6819854586,11.3880970388,308.4825316232,59.9351547087,22.2809213218,25.2123998171,14.6904843335,26.1468777825,94.5589822851
83,CU061_03,Friuli-Venezia Giulia - 03,Udine,242.8941168983,186.2162239116,89.0677848058,65.4499155834,78.3243719842,24.0364896401,2.1742706124,13.4372258412,443.8495798049,89.0677848058,21.5494662158,25.6821497248,15.7411654924,22.5919839313,93.5329293585
84,CU061_04,Friuli-Venezia Giulia - 04,Codroipo,62.3474625767,191.3046566973,48.5325666261,66.0178809418,78.8707179735,24.1045498548,1.8682638532,9.6008974957,316.5232776733,48.7227689926,24.6236680675,22.847073088,10.7627508682,24.9509050041,91.6828054092
85,CU061_05,Friuli-Venezia Giulia - 05,Pordenone,169.6533279945,147.76603792,108.6862791765,66.4417666419,77.9286094901,23.8478955781,2.4478815809,11.381287137,399.1418233494,62.1074307474,31.9422414265,20.5546135755,23.1897742708,20.2817011213,92.8901352774
86,CU071_01,Liguria - 01,Sanremo,189.2911298011,225.3787412243,87.1428260696,61.6467657014,78.2457992313,32.5008695652,3.8265021032,9.9249969051,302.1395996317,59.319330351,8.3404662635,30.0457427911,33.3015630957,40.9263854425,101.1047403226
87,CU071_02,Liguria - 02,Savona,177.0794867083,251.2343096234,60.6041473472,63.5370478318,78.1650136676,28.62870234,2.3988274494,11.7406837874,332.533591145,66.6969200718,15.2886475003,31.6575310894,27.7715001029,41.5673711763,97.9457308234
88,CU071_03,Liguria - 03,Genova - Unità Urbanistica Sestri,982.5326369182,227.6248139629,87.5782513614,61.5330871984,78.1226331615,30.929221036,3.2934218959,9.8064462149,327.8746870934,56.2421155451,15.2273054089,33.1600895663,25.5134900856,57.8148275467,100.0259617551
89,CU071_04,Liguria - 04,Genova - Unità Urbanistica San Fruttuoso,2275.4286410325,239.586979349,75.8915845818,64.4242883958,82.3877431767,27.5762439807,2.6775040688,15.1672270968,261.8336870111,58.3528647895,10.501047486,36.0936530106,24.5755414176,64.7789693958,98.3966807692
90,CU071_05,Liguria - 05,Genova - Rapallo,245.2179305796,249.7222054472,51.3097244078,63.4063530029,77.6007515094,23.6533315035,2.1231905331,19.1200897868,566.5968054144,106.8877160245,11.6464173636,36.1226529217,22.6779646089,54.3435019426,98.4630104168
91,CU071_06,Liguria - 06,La Spezia,251.7184355342,236.8622897755,64.1910091581,62.0651115367,76.0974860791,27.4595469256,2.7702181046,11.6818651876,324.0586631932,69.3007212292,13.6518561734,31.9495194522,26.8456664161,41.2237992293,99.6467211963
92,CU081_01,Emilia-Romagna - 01,Imola,143.8611712958,169.7073898657,78.9928304226,69.4954589225,85.1294743628,26.9879304224,3.9338745129,12.7061833869,366.2506758569,52.1431805494,24.8394584139,25.3462282398,19.6072909855,27.0501988072,96.7041150119
93,CU081_02,Emilia-Romagna - 02,Cesena,145.0133290528,155.0231068165,95.686008271,68.0614772175,79.4517282871,25.5630786237,4.8941878903,10.9587771708,390.3178826802,59.4227814096,18.7304781839,24.2497182418,15.6461651477,18.0887665577,97.1425667954
94,CU081_03,Emilia-Romagna - 03,Ravenna,235.884550693,191.2828767871,102.3830753584,67.6906186407,82.1248139075,25.7863107781,5.1663430992,12.1137559136,366.8863284896,59.6500271675,20.8990624154,26.8079145509,17.0138875416,15.5750409001,98.6874368554
95,CU081_04,Emilia-Romagna - 04,Ferrara,124.1786942213,260.5992797455,65.8378206011,65.7775514809,83.0949779113,25.1942740286,5.9108135748,12.6668916189,328.7252777516,70.3492459216,19.209571409,23.6700670957,15.2938164525,20.7802263252,96.291675466
96,CU081_05,Emilia-Romagna - 05,San Giovanni in Persiceto,207.9212840085,143.8861214087,83.1005141159,70.7218188563,84.9845177952,27.4618965045,3.6462457513,10.4366656133,438.5973864714,41.6012859275,27.0010604066,26.4553166594,19.6814751947,23.0308268511,96.7203830351
97,CU081_06,Emilia-Romagna - 06,Bologna - Zona Urbana Mazzini,3035.27838856,237.9548240238,120.4912724297,69.4437214145,89.4598921745,20.8262541357,2.2651418475,27.659861559,588.7086453554,162.2191801009,12.4301987938,35.8017903472,27.7422825421,43.9440891409,97.0802323886
98,CU081_07,Emilia-Romagna - 07,Bologna - Casalecchio di Reno,282.5573396346,196.8033738769,100.0305006804,69.5603106953,87.1394792793,27.1723256663,2.9754357575,15.9085633641,415.8454945021,69.9169443011,22.1043222769,29.8178696591,21.0305408189,31.5076995832,97.5844729622
99,CU081_08,Emilia-Romagna - 08,Cento,197.4024120807,148.6011776055,109.6587788629,68.5800851013,79.9427601556,29.9932295193,3.8740636704,9.5457049256,314.0762673416,37.1928651591,34.139838981,20.8182135565,18.7831553427,26.9504829552,98.5448701347
100,CU081_09,Emilia-Romagna - 09,Modena,672.7311909359,163.8512246101,130.8594328721,68.2244298307,85.2150494806,26.0268885092,2.8225295557,16.1342890016,487.577409701,93.3175797801,25.7254621863,26.408982941,22.6369102663,23.9304596023,98.6372506996
101,CU081_10,Emilia-Romagna - 10,Sassuolo,173.2478293108,142.3400223507,105.5423469118,68.4115925345,79.3721305381,29.6342341163,3.6717367269,9.3986592975,399.8661524101,43.87735334,33.1628977154,21.85294505,18.9008470471,24.3602109053,98.5029476794
102,CU081_11,Emilia-Romagna - 11,Scandiano,155.6271479257,136.3666651859,105.7125724833,68.0062467465,76.4970564013,30.0183811878,3.7392734678,8.4333728551,346.5497777346,40.550454413,34.5497984172,20.5875765268,20.3419988013,24.159638912,98.9996291115
103,CU081_12,Emilia-Romagna - 12,Parma,393.3021529756,171.487221595,114.7875006762,69.9950169494,83.9910442029,23.8804597701,2.4118135329,18.5929566989,500.7933788925,97.5224940947,22.7320803051,27.5439805156,23.3271545842,28.6706175264,96.8292240099
104,CU081_13,Emilia-Romagna - 13,Fidenza,71.3028544474,181.1751134926,104.1741651183,69.2552005229,79.3642713321,26.8569791866,3.1784161644,9.6493673974,361.5939843773,44.3292249925,28.605480158,23.1994073183,17.1424693235,37.800514005,97.1817531202
105,CU081_14,Emilia-Romagna - 14,Piacenza,110.0663505549,191.5612047527,126.1770244821,67.1786711334,77.6364210838,24.316484154,2.6299799577,11.9363727979,379.3953959018,64.4166174776,22.5754987591,26.0506977794,22.0820734689,33.5376211119,97.1033340801
106,CU081_15,Emilia-Romagna - 15,Rimini,352.1306945958,156.6340872166,91.6168152469,63.5791799764,77.2583269983,23.7557755776,4.249171947,13.414957605,413.0956049288,64.3127587758,17.3647943203,31.2775109626,24.0950279173,13.7246495676,98.6129349229
107,CU081_16,Emilia-Romagna - 16,Forlì,212.4916482596,179.4196190137,101.0234309755,69.358474969,83.1824214196,23.1523440718,4.5176501211,13.2797254876,394.8796936798,68.5635724753,22.6657356086,23.0035351111,13.1459595893,26.0263709919,98.7217721364
108,CU081_17,Emilia-Romagna - 17,Reggio nell'Emilia,586.4325100845,127.9835512692,136.9933134978,68.3115087204,81.2628345696,28.0913012221,2.4723797041,14.2777285278,497.1412117971,83.5789925914,26.5877287406,24.2578191805,22.4477690984,18.8272520518,97.8385825201
109,CU091_01,Toscana - 01,Firenze - Quartiere Vecchio Novoli - Peretola,4021.5485381868,220.9031003565,131.0815326118,67.0135424091,86.5501892787,21.6623758735,2.0025496944,25.0007434797,678.6658376792,159.7112078263,11.3101632744,35.6813100665,21.5117722363,66.5070815879,100.319996726
110,CU091_02,Toscana - 02,Firenze - Scandicci,1041.4077580169,199.6974123539,92.5798578806,67.2784624413,84.3430126016,24.8853962017,2.9312352336,14.6658883135,334.1873081366,55.5353298365,18.1139777402,30.9659725101,17.4529820547,53.5836770132,99.9380806921
111,CU091_03,Toscana - 03,Sesto Fiorentino,128.403710513,165.3742235592,82.2158893981,67.4053212326,82.3044591008,26.9570890113,3.6852936062,10.4153006989,370.2160434398,40.1163014595,23.5860504379,26.3181034786,16.0837693699,45.8293849307,98.863195504
112,CU091_04,Toscana - 04,Empoli,228.6168164436,165.5374788448,89.400485069,66.2815195405,79.4200342906,28.1806433084,4.4937786195,10.6368445663,347.0592693649,48.6205851144,25.192774995,24.5453668208,15.6632222033,39.4979542187,100.0417331194
113,CU091_05,Toscana - 05,Prato,667.5966929779,147.0734648841,127.5394125608,65.3444605681,77.4681281117,28.8434414669,4.237137433,8.6739678818,410.5087969567,51.1686601558,30.9066385669,25.3496311907,22.2331692674,23.4251920198,101.2172126743
114,CU091_06,Toscana - 06,Pistoia,277.0619119658,182.858975142,86.6975720908,63.5055430318,75.6091251397,30.9703179147,3.6631921473,10.1592086846,335.1103952228,57.5351614677,20.9169000405,26.4801561483,18.9575518772,36.2631508856,99.1485024335
115,CU091_07,Toscana - 07,Arezzo,109.3085904479,181.9253051353,100.3475490551,65.1406749899,79.3592674995,24.1006474004,4.0894235259,11.812085177,377.307942944,59.7494750561,26.2927882735,23.4011257163,15.6131540189,35.8288218613,97.8603148691
116,CU091_08,Toscana - 08,Massa,198.6495910473,212.1981082984,55.4282328079,58.3846050209,70.8177041897,30.1767920283,3.252133053,10.8110827855,334.7862405757,66.1768905643,17.6115319474,28.4213367083,16.141662352,32.2336527182,99.9739086321
117,CU091_09,Toscana - 09,Lucca,195.6701875277,191.6694260486,64.7953857306,62.6649582197,75.5664673607,30.9375601617,2.1974402608,11.5882818555,366.8940736604,58.5142357703,22.1561508576,26.6359024821,11.7092726996,45.9948988191,97.7965146333
118,CU091_10,Toscana - 10,Pisa,391.9963944125,175.068509835,78.6421845798,64.809364343,79.6949481418,26.4213067974,3.0470479886,17.091210598,400.9988817898,87.8288940782,19.150940782,27.9629783579,20.2092803843,34.8479087452,97.7532323317
119,CU091_11,Toscana - 11,Poggibonsi,95.7437795826,170.8637883585,87.9771673207,65.746530046,77.2281885872,29.6293545272,4.7114862407,10.203984481,340.5398977286,44.2462441035,26.5399665644,24.3234802418,17.825414211,40.5827520217,98.9908432786
120,CU091_12,Toscana - 12,Siena,67.3241020929,203.2701256767,99.5683003536,67.0427371773,81.5358634101,24.3319161858,5.6720492137,14.3904560131,369.9646436036,80.3469224308,15.1649184886,29.2096188912,19.4807336026,49.8430980379,98.9049158758
121,CU091_13,Toscana - 13,Livorno,321.3241377826,206.5410571961,61.5356641903,61.648226229,76.8653484524,29.5790432164,3.7068783686,11.9469259065,320.858968555,57.0011058088,15.7641262373,31.0655155577,16.9049002977,29.6624850657,99.8483752816
122,CU091_14,Toscana - 14,Grosseto,58.6964916009,219.0932140194,77.841613551,61.8403224997,74.7389611181,27.8034323523,4.5266241864,10.8097584169,304.3778922553,57.5988823889,13.2037767461,28.6467241439,20.3047300189,33.3553704438,99.568590625
123,CU101_01,Umbria - 01,Perugia,172.9452801834,161.1914565106,111.3294364614,64.5663303263,79.7942614064,21.9453731155,4.5503980113,17.2095522846,384.4120411928,87.2413963712,16.9007989348,26.4322569907,17.0901932713,25.3924768788,98.6176247462
124,CU101_02,Umbria - 02,Foligno,77.4683612245,177.4997507726,98.5179929841,62.8813927957,76.035423997,22.4406936953,5.9050635016,11.4378646901,333.9048519964,53.1380973027,23.0672062693,23.2377764726,13.9882969343,28.3070073413,99.5356708231
125,CU101_03,Umbria - 03,Terni,102.4280822506,210.2293793752,88.3228792605,60.7955222103,75.0192403269,22.3974562798,5.0530203642,12.6975086133,317.3849771268,62.3976769725,18.0898291858,25.036850776,15.9532211281,35.5835474078,98.4251661639
126,CU111_01,Marche - 01,Ascoli Piceno,146.2288140192,183.1098504384,64.3245452688,60.7793748167,73.9530610889,22.6895020615,5.8362755399,12.7592174347,321.773962804,56.5787860208,22.8839171619,24.2713129551,12.2706006212,33.117452473,98.9756552828
127,CU111_02,Marche - 02,Civitanova Marche,352.7637004706,162.71259768,94.2549769048,64.3297890082,77.0917423064,22.7229571492,6.094678426,11.6720790807,388.0657585998,50.9791479126,36.4448375739,21.2688832232,10.3847595151,19.6688439318,101.8149782324
128,CU111_03,Marche - 03,Macerata,99.3010530025,177.341122827,93.0178814972,65.8073343295,79.5566521163,22.6090932846,5.8475344885,12.6013610527,371.9692377633,62.6041824519,28.6573040155,20.8011510588,9.4796726913,37.3770701861,99.9752667843
129,CU111_04,Marche - 04,Ancona,207.1201930931,177.5051939551,96.8577158259,65.1026569322,81.7659183697,21.2020622925,3.8159296111,15.330518472,440.3709025016,96.7970612876,24.4931960843,25.1073946992,13.038587301,34.9813145746,98.5992779573
130,CU111_05,Marche - 05,Fano,256.1152805989,169.0426314896,74.2461611295,64.4345773112,77.6606247395,22.074171316,4.2009236342,13.1010350425,334.2088986966,52.2781243557,25.0494887674,24.6771879484,14.7732380948,27.5842451596,97.5313269137
131,CU111_06,Marche - 06,Pesaro,117.647206597,162.2001730959,94.8199133685,65.1424411872,77.1620886654,22.4482165557,5.1259675829,13.2562377778,390.6977138449,71.3310898441,28.761669548,23.2531489257,19.2344430398,30.6807362742,98.668717355
132,CU121_01,Lazio 1 - 01,Roma - Quartiere Trionfale,7416.404528498,215.6107388069,155.0906103178,60.7033869705,93.9448281375,15.8379373849,1.4517157485,37.0673770554,1338.4312727104,375.8835373898,4.0999567287,40.8427087841,27.601490166,69.9181669394,103.7886897671
133,CU121_02,Lazio 1 - 02,Roma - Quartiere Montesacro,8549.1477882598,204.9394470257,79.1345752552,64.4974576595,86.5002823724,15.5729429581,1.3842318957,39.171245163,640.8164813901,125.54539591,4.0992544787,41.0214754646,28.7773600453,32.3668804014,100.1180817689
134,CU121_03,Lazio 1 - 03,Roma - Zona Castel Giubileo,743.5611885072,136.493564801,85.7867280208,62.0787149801,81.077104033,22.7379969329,2.3388056258,21.1645326005,359.7715578093,52.1391562859,6.2815273337,37.090679024,24.9306649552,3.4298740998,103.1200048103
135,CU121_04,Lazio 1 - 04,Roma - Quartiere Collatino,2687.3153088615,157.1359787011,62.6684865419,61.3546344272,80.6512091149,25.5257298367,2.6550356124,17.1882244911,366.0557985837,83.4294313142,7.3629448122,37.2298211608,23.8044144697,2.7765378091,102.4226252483
136,CU121_05,Lazio 1 - 05,Roma - Zona Torre Angela,5263.7573520067,142.7713581665,112.4300863722,59.7369516274,75.9347724612,26.6585983056,3.4123173817,12.4478986109,236.740919952,58.8354541436,7.9411130821,34.9558182331,22.4501639983,8.2709891937,104.6689573458
137,CU121_06,Lazio 1 - 06,Roma - Quartiere Tuscolano,8724.552000696,216.2308028096,93.9660789921,61.8102295166,86.0623481896,21.4901831923,2.4024918896,18.3306324341,297.3382688339,59.2169568838,6.01015455,38.2681470736,24.3603254436,30.4673182651,100.3867977157
138,CU121_07,Lazio 1 - 07,Roma - Pomezia,899.3105578958,104.1644283545,67.0015030978,61.860086212,78.5824766693,25.1915818369,2.4023828361,16.1484229379,421.5419584265,54.7457564981,9.0208589385,36.3118119296,24.650482919,1.7889302437,102.440038763
139,CU121_08,Lazio 1 - 08,Roma - Quartiere Ardeatino,4882.8308697402,188.9683631362,58.4403345506,65.3496446726,87.1382577442,17.7863357581,1.3501423343,30.2540870593,713.3427572938,163.8041386893,5.5288882337,40.8830005804,25.0851797637,17.598229109,100.1677318326
140,CU121_09,Lazio 1 - 09,Roma - Fiumicino,601.6400423197,108.233441067,76.8228522422,61.9557228557,78.3661380395,27.6843692022,2.5337090129,14.5881345888,284.7261392311,44.8468655683,7.173243595,40.7608178037,22.5940151854,2.8762029746,103.9715317704
141,CU121_10,Lazio 1 - 10,Roma - Quartiere Gianicolense,6607.3747693096,210.8666666667,69.9186789684,64.1791548991,85.0505019074,20.6094497123,2.0358211077,24.09934471,374.279840508,87.8739648355,5.7030362072,38.9572170807,23.687482453,14.5020774695,100.7982508766
142,CU121_11,Lazio 1 - 11,Roma - Quartiere Primavalle,2302.5177234701,147.7750660292,86.5372372783,62.2521693114,82.2772165107,24.8761149653,3.0058752014,16.6043569118,272.7448493108,74.2246261654,6.5284415867,36.4806473427,23.8157432837,3.8291805282,102.9089827949
143,CU121_12,Lazio 1 - 12,Guidonia Montecelio,255.8385588539,113.8572052614,97.6823117287,55.8530144441,66.2494259399,29.2970697391,3.4409775462,9.8866611671,186.6360451764,46.0630550751,10.711721584,29.7857466747,16.5404116678,26.3730726595,101.385543435
144,CU121_13,Lazio 1 - 13,Velletri,688.5645084535,116.2652289595,76.4044395998,54.9824662437,68.3081073539,28.337397943,3.6758533547,11.3768836468,198.6431847546,50.490522144,11.7499471551,30.0260088779,18.9073317145,5.7116697187,102.5120150305
145,CU121_14,Lazio 1 - 14,Marino,408.8914649531,116.4304350892,74.1755122893,56.5338574048,68.3765436528,27.3805113005,3.1707339012,12.2558161934,202.1520406426,44.4740875291,10.3054728647,31.5401877719,14.5165616713,14.6173875307,102.3693345317
146,CU122_01,Lazio 2 - 01,Viterbo,93.575872673,174.2130410343,76.6809991231,56.8782626064,66.3208908063,25.8382071921,4.9882115044,11.7481468371,248.5396452717,55.422760318,10.6959373461,24.8729549699,16.8090011565,32.3332639529,97.666161438
147,CU122_02,Lazio 2 - 02,Civitavecchia,173.8559060882,123.6615370439,89.6763351092,57.8744177305,68.9055434257,29.1559817148,3.0579274824,12.3140457868,193.1715349078,41.5654576011,8.3659512237,30.7918620156,21.7709446683,10.3875427151,101.5548581388
148,CU122_03,Lazio 2 - 03,Rieti,82.3105825454,151.3822132081,79.3978837251,58.2699489889,71.2356608781,26.8222992279,4.1897786887,11.1661268562,229.5850117237,56.5817952264,9.8516502472,28.3790777015,16.8744234647,38.2356685687,99.1270419634
149,CU122_04,Lazio 2 - 04,Frosinone,179.9462684408,147.4939702335,46.288654978,52.38067672,59.1624913962,25.9572667654,5.9130891181,9.701222464,306.2696583725,53.213851951,17.4587293647,26.1674315419,6.4808956844,20.6581479379,100.4216757524
150,CU122_05,Lazio 2 - 05,Cassino,129.5810582541,165.0342107924,29.2569547828,49.9700903653,60.7758383222,21.8959356856,6.2164764818,11.8150554458,247.615290979,49.4628307737,20.4437022901,23.1895339494,9.3588203168,23.9373390674,100.9595302478
151,CU122_06,Lazio 2 - 06,Terracina,214.8202718576,143.3609211947,45.4714916237,50.8077981188,59.1424594283,27.1555197421,5.6961872061,11.4823661928,220.3821962454,43.6074130197,10.2134006425,25.3625516292,15.4861198606,15.0515496077,101.7713098489
152,CU122_07,Lazio 2 - 07,Latina,269.671463021,118.2998008652,66.0934235079,54.8727902114,66.2396899127,30.1189485535,4.8272909177,11.1204823301,306.5947798523,54.020096248,17.5676160092,26.7210940441,18.9485173863,11.1538664277,100.1541184069
153,CU131_01,Abruzzo - 01,L'Aquila,57.7405690811,173.8001496762,64.9413651398,58.0724597345,69.640514665,23.137444774,4.1712687021,14.660260941,308.2449634159,74.8321138619,13.2949807897,25.6355759013,14.5553473654,40.4388714734,98.3480540869
154,CU131_02,Abruzzo - 02,Teramo,156.7500105101,159.2931485227,64.2959500439,58.3889949109,69.7848503735,26.6420768903,6.4687168611,11.718737685,325.7330691466,52.0125738945,21.646664387,23.538193373,15.2728744261,22.1043026602,99.9616030486
155,CU131_03,Abruzzo - 03,Pescara,466.8020079901,151.2720363137,43.469785575,57.7021474094,70.7317531065,25.1755373318,5.1021546895,16.4897875214,321.5601897826,64.6070101879,15.4096696012,28.3209916754,13.8004621815,15.2701036577,100.8496280791
156,CU131_04,Abruzzo - 04,Chieti,126.0571703318,181.0647137526,42.705076379,56.1078072634,69.8723642668,24.0390206086,6.0643756803,13.5863803604,305.0580637284,60.1612614852,17.9562333598,25.0875799897,10.4307501685,34.1816087909,99.087264436
157,CU131_05,Abruzzo - 05,Vasto,116.1020833069,177.0193295359,42.2805279473,56.8765883593,65.3816133813,25.143472023,7.9224553885,11.5429895003,312.3422070244,55.0757406283,28.9667463502,21.0204473662,12.5271122531,28.8208046585,98.9664512999
158,CU141_01,Molise - 01,Isernia,55.7178111099,188.957192355,22.6424450356,53.5831103182,66.2201554982,22.7482269504,8.1585952459,12.1985046789,236.0536878572,56.843995631,14.1208584337,20.8358433735,14.5865043125,48.9407601695,99.8704372142
159,CU141_02,Molise - 02,Campobasso,92.2567755199,168.8652852198,28.2435366454,52.5778363626,65.9936689242,24.1419624217,6.8482350833,14.2774604521,290.0192790722,80.4247477604,16.8590464653,22.6408237432,17.5081203883,42.6272708192,98.9784284407
160,CU151_01,Campania 1 - 01,Giugliano in Campania,2250.207459175,52.2972487731,19.9210075772,35.9077597051,46.6032513114,38.1614273577,5.2948338241,7.8288931675,146.9360771617,34.9905921041,14.4720314296,24.9605794158,2.0882842308,8.5935030729,126.9134569128
161,CU151_02,Campania 1 - 02,Nola,962.4159692173,83.8989451752,40.2641284424,42.5816928439,57.044700162,28.1851469346,6.6590196274,10.7285347015,234.9285572315,48.9300147965,12.6347999168,22.193339473,2.4474317614,16.7308373686,113.66331096
162,CU151_03,Campania 1 - 03,Acerra,1813.3161738301,62.0271553892,15.8802958207,38.8351536227,45.4908589807,34.4779704271,5.7215827306,9.0158165546,206.3686005848,36.522530528,19.1580790196,26.2311171236,2.4976698124,15.2180045764,117.4191947829
163,CU151_04,Campania 1 - 04,Casoria,5665.0345216713,69.8235874891,13.5906256573,34.7167716934,41.536453822,36.05082054,7.5599942762,7.2304902118,188.2569666375,38.3869019752,16.5800648117,24.0557604202,1.9277332196,17.6633488521,129.138526378
164,CU151_05,Campania 1 - 05,Napoli - Circoscrizione 7 San Carlo all'Arena,11151.7525690185,140.818221384,20.5323912101,44.3544891331,66.4541605561,28.6633850814,3.5860719069,22.2222812771,288.5481371459,137.2102906645,7.8637283889,33.189623782,4.0365348036,24.9817562637,115.6569619279
165,CU151_06,Campania 1 - 06,Napoli - Circoscrizione 28 Ponticelli,6363.6514663875,87.3841846824,19.6588215605,30.9941655996,41.7433436607,45.0206896552,6.7939265394,5.7216567713,363.0946589189,52.0096678901,15.2511884877,27.9748903287,1.8179147379,26.940183353,137.9253926381
166,CU151_07,Campania 1 - 07,Napoli - Circoscrizione 9 San Lorenzo,14993.0155556398,122.4827076403,73.424130262,43.0679335889,65.2034949654,35.1526032316,4.7296473219,20.1693862852,487.0332882144,136.3031994538,7.6792470488,33.2892150965,3.7567870378,71.0022181892,123.3138227565
167,CU151_08,Campania 1 - 08,Napoli - Circoscrizione 19 Fuorigrotta,5409.5789611588,114.4736842105,14.7650582843,39.5880395118,55.0709337684,32.6098138052,3.9660546345,11.1449017106,162.9614926558,46.8936085748,9.9147157191,32.8762541806,2.8992806744,17.1236420072,117.5515313724
168,CU151_09,Campania 1 - 09,Pozzuoli,2037.2829407278,88.9530021743,22.8069748609,40.9685870507,50.8415292198,31.789125077,4.8834884257,10.4981094272,180.1549428435,42.2599828305,9.6957044194,34.5066576037,2.7571783736,15.7253836622,115.1893799102
169,CU151_10,Campania 1 - 10,Portici,2754.2801672101,103.7795966092,10.3019487336,41.2586962584,50.9943156844,27.0797728651,4.854609602,12.8886041677,163.5094382837,44.3666138606,14.0288809892,30.4270916606,2.8624049602,15.0097255241,112.6055347704
170,CU151_11,Campania 1 - 11,Torre del Greco,2672.1085966024,95.1460972152,10.9488908281,37.0157111129,44.8659897934,31.3305966745,6.9765775064,10.036793534,154.0318762204,40.7589874428,12.1126057239,29.4653724915,2.1060086329,25.2645231756,122.1717940882
171,CU151_12,Campania 1 - 12,Castellammare di Stabia,1401.1018856915,95.4264904108,16.3909657766,45.191709142,54.2200845666,28.1406577389,5.9351595878,10.9601411231,207.177887305,45.6937984654,10.6573598631,34.0794822422,2.2268626727,22.1135592245,111.9458124222
172,CU152_01,Campania 2 - 01,Benevento,171.8894289232,145.725412063,20.295226052,49.5259585119,65.6753473121,22.8282232704,7.2573827146,12.9375166016,232.9464594993,65.0298606503,10.7183680647,22.8825162352,4.2837060703,26.1384952474,101.6486339863
173,CU152_02,Campania 2 - 02,Ariano Irpino,78.951231669,186.4377625616,19.7709727865,49.7824335214,61.0489533818,22.6779797168,12.1907122057,9.1337581516,200.6759943405,43.7451906767,17.1150609476,20.5424083236,4.5560249685,13.758121394,103.6288588134
174,CU152_03,Campania 2 - 03,Caserta,1170.8606649726,90.2837790494,25.8522634948,43.8512760424,55.8150443155,26.1745685805,5.6672643186,13.3219537924,247.856748237,64.1350622339,13.4020839817,24.0795389915,4.6297809878,20.8960448022,105.7737623085
175,CU152_04,Campania 2 - 04,Santa Maria Capua Vetere,144.9903361674,130.5757324623,30.1794193569,44.057183931,56.8595512014,26.3730265368,7.7648174328,10.0260251504,184.7201419208,51.8641271055,11.770176338,21.3048299214,12.3773221171,29.4182053451,105.1798846241
176,CU152_05,Campania 2 - 05,Aversa,714.23363577,64.5312315802,39.2026683609,38.0800818045,46.7841599882,34.138891686,7.4229091962,8.7517008939,162.0997458704,40.2382465057,11.599248651,19.3508249285,3.0582657484,8.6164329449,120.6315899151
177,CU152_06,Campania 2 - 06,Avellino,380.285060385,119.7545134302,23.1116667339,48.3446347847,61.0595201406,24.1112102569,5.8493031359,14.0157865326,250.3407670283,60.616203573,15.9324291596,23.1399854686,4.167371893,16.8054252658,102.071775542
178,CU152_07,Campania 2 - 07,Scafati,1509.4871785786,89.5402967704,26.3469365154,42.9413043808,52.3211217438,27.5509433962,6.394874881,10.5851146135,207.8442094189,45.2947202303,14.6052417764,23.5949578661,2.621037254,22.2962322672,110.7270578063
179,CU152_08,Campania 2 - 08,Salerno,996.5946001903,147.0045850758,21.6151347325,48.42707986,62.2373625481,22.325542077,4.6037195994,18.185869355,289.8007462532,78.3462421805,10.8343226972,30.0602023556,5.252825028,34.8352021747,105.0362849869
180,CU152_09,Campania 2 - 09,Battipaglia,220.7105792519,106.9610079851,48.223650487,49.0479396482,61.6835325869,29.0092165899,7.2191964329,10.093234826,198.5528961792,39.7618390442,12.8325599158,22.3670049645,4.661115254,16.520031993,106.4516491394
181,CU152_10,Campania 2 - 10,Agropoli,79.0220618736,174.0247322794,30.0177895287,48.2458676387,59.6656319765,24.2435103169,10.2281216713,10.2234381677,207.4887387387,50.0514101058,9.3345455011,22.980396174,6.8611161355,28.5694057163,105.5949988937
182,CU161_01,Puglia - 01,Bari - Circoscrizione 8 Libertà Marconi-S. Girolamo-Fesca,4858.4351244755,196.0730558344,25.4699676912,51.942081448,65.3381726061,23.8555510807,4.6115846045,20.6225358188,477.421066843,158.2992709565,9.1596851317,33.5566536581,6.0406724279,28.9403309377,102.8750553088
183,CU161_02,Puglia - 02,Bari -Bitonto,675.1979924186,101.2498120987,18.4828967704,47.5481939886,52.4509046723,31.1150512214,6.1892840459,10.21077885,259.506768992,34.2694728743,14.0446605075,26.2748618227,3.8178875414,27.5704290921,103.8314240024
184,CU161_03,Puglia - 03,Molfetta,372.1232231348,119.973604403,19.1565367555,48.0209210585,50.1237620323,27.65625,6.9918137683,10.8424226161,214.9544577253,43.10855653,13.1953933242,25.7336196239,3.2476331029,26.713335396,101.1762642021
185,CU161_04,Puglia - 04,Andria,347.8280470331,94.7935175869,19.2261766855,44.1990873843,42.6072355219,32.5437020095,7.7126929263,8.6306402031,235.2194756821,46.1192992461,17.4592566538,23.163325126,3.2609999237,24.2375351306,104.7955742221
186,CU161_05,Puglia - 05,Altamura,130.5724168099,99.8226273603,29.46541009,47.7197305187,49.1416662929,30.0448240866,7.4753179939,9.6691762768,215.0729762962,45.1788095707,16.9200211256,22.1382810168,4.6902570187,27.5893712911,102.759434247
187,CU161_06,Puglia - 06,Monopoli,249.7931072551,138.2592037724,21.4996422352,52.9848649083,59.9405558573,25.831753146,7.1877832843,10.2132209314,247.5057714895,46.5364312619,13.7336216055,23.2773563454,3.4799975165,37.9057331178,98.4587762871
188,CU161_07,Puglia - 07,Lecce,364.3560678566,155.0360529155,25.7234357163,49.4681876325,62.9871618636,27.3116930636,7.2399978197,14.7613762486,278.5562697762,67.5130053707,10.3761454074,26.786603802,5.6151235988,15.4108604147,102.5341017886
189,CU161_08,Puglia - 08,Nardò,254.7851827759,159.3242564589,13.1720006897,47.056048691,56.887202855,26.2968164794,8.9690839226,10.1457383805,203.8923749335,44.0666021936,11.5538328197,22.3938270416,4.287331348,13.7860027984,102.5415960415
190,CU161_09,Puglia - 09,Casarano,264.7842500692,147.5920459842,14.9784459179,46.4195913064,57.6292818837,27.4531718003,10.0245130772,8.9082453415,210.971064283,46.259217926,14.9997021505,22.1052004527,3.98612299,15.4510214274,102.9367987821
191,CU161_10,Puglia - 10,Taranto,589.4622241407,141.5776475994,8.3363698935,43.8871935308,54.4446021188,32.1189172594,5.4904309632,11.3316680049,296.8946111179,75.8856633872,15.885159592,25.1357354393,7.4065757295,9.6200485044,106.0239918479
192,CU161_11,Puglia - 11,Martina Franca,163.5016005803,123.1011567807,17.3155584149,48.4619211362,56.882749284,29.6148384807,8.0859368178,8.6864723553,184.209468178,40.3481388608,17.3060215197,19.371115418,5.3959350077,22.3920850128,101.0684458341
193,CU161_12,Puglia - 12,Francavilla Fontana,200.0384730228,143.0891604162,13.187674645,47.4434642939,60.4615083565,33.7428739925,10.7098016446,8.0324062129,162.5384060995,37.4135467638,14.1684132332,18.3654790014,3.1191007013,9.2771372721,103.8134504217
194,CU161_13,Puglia - 13,Brindisi,216.7307019475,145.4426501564,21.4784029804,49.092670369,59.6462550658,28.6772486772,8.2642821452,9.8925341487,260.715038836,59.3346922996,13.1696161466,24.8008934863,4.6472265248,24.5042574686,103.1148648121
195,CU161_14,Puglia - 14,San Severo,64.2316105228,136.9583467872,30.9993182181,44.1986134533,46.9028057212,32.3397566513,9.1662563598,9.3454009682,170.2520658959,44.9492531829,11.4727934698,19.7336702632,7.2674650699,35.3933448411,106.3498727111
196,CU161_15,Puglia - 15,Cerignola,95.461901975,104.1000313578,28.8857724654,44.2108582541,47.0884652563,35.7814534407,9.0037236465,8.0715452557,171.9513201141,38.6981647353,10.8939690707,18.129330254,4.5384230198,20.0269853508,110.7382148684
197,CU161_16,Puglia - 16,Foggia,143.2705040267,124.681764143,22.6735617549,45.9843535981,57.6832451478,29.0317542946,5.987442383,13.1331188178,273.3428678567,89.1114579972,10.7512389617,25.1709275716,5.6789892122,27.7855685875,106.1221407523
198,CU171_01,Basilicata - 01,Potenza,57.8341898039,167.7498392086,15.18198425,51.1877053867,64.1736531172,23.9873448061,9.5606636802,12.1850402762,260.5997574567,76.9038883687,13.0016568995,22.4337518209,10.8559092184,26.2239992151,98.9925903679
199,CU171_02,Basilicata - 02,Matera,57.0176314276,144.0315238807,28.2614721669,50.5309789373,60.5361811158,25.6266542114,9.1802341328,11.1323689053,249.404656906,56.4630950281,17.1274819076,21.4483206532,13.3854362512,31.171097721,99.8104781998
200,CU181_01,Calabria - 01,Castrovillari,96.3471112423,161.2856768788,24.1975185028,43.8379642951,59.6401382412,24.7417959807,10.5654077026,10.1500042658,169.7873121563,45.42458301,7.7083011393,22.454799601,8.8326335862,30.1139278258,105.5347973536
201,CU181_02,Calabria - 02,Corigliano Calabro,83.97604086,131.9103947046,43.2985299104,48.5169422906,66.0377941804,25.859669021,13.093297485,10.226634802,186.7257252645,45.115494623,6.3646781438,17.3685111764,6.1991976119,26.543391976,109.4602856127
202,CU181_03,Calabria - 03,Cosenza,164.7867513082,142.8390485017,27.0752654719,48.4701976762,64.4462504288,21.2936880543,7.0700019391,17.4965373961,272.0871779337,84.5007000106,7.3363472636,28.4412099827,4.8243768618,34.9164433233,100.9623901959
203,CU181_04,Calabria - 04,Catanzaro,223.6900499987,131.576724684,33.3679947923,48.0494856199,65.5698211589,24.034270254,7.8297764228,14.2175577462,277.1648617346,84.6796351247,7.6252081465,25.8076085564,5.3047927235,28.329616688,103.842822277
204,CU181_05,Calabria - 05,Crotone,89.4062330552,114.897594969,33.2056700123,43.7821796575,58.7477819975,32.0596956881,10.6764729653,9.902298501,190.8478605388,54.675118859,7.8524378095,21.3447727239,5.5136897417,20.6984751599,111.4215096017
205,CU181_06,Calabria - 06,Vibo Valentia,127.1249847206,140.023463851,30.0474257566,46.0750831657,66.4558308072,26.6172863258,10.1914174903,11.1380554929,181.8390191453,55.9315535478,7.0672953511,22.1462636962,5.3225861891,31.7908502229,106.1952726033
206,CU181_07,Calabria - 07,Gioia Tauro,139.0603904374,115.8184417441,33.6352167252,46.0372463001,71.0544438077,31.1900779242,9.9492573116,9.7989617119,175.0210267039,41.2724159683,5.6414623761,19.2542125433,5.1657147298,24.3250012523,111.0579848288
207,CU181_08,Calabria - 08,Reggio di Calabria,247.5169315365,143.0727847275,43.0139197975,45.4913730082,67.5628480744,20.1707058199,5.8505457895,15.4996882515,204.7024770549,60.4645750607,6.3418261221,25.9263790978,6.0628859124,16.0146989094,104.4419472564
208,CU191_01,Sicilia 1 - 01,Palermo - Resuttana-San Lorenzo,1739.184119592,109.3613421683,13.9339485609,42.7189579426,59.0051460477,34.8780724764,5.2171828255,13.4727769374,214.3627523462,62.4200885441,8.1929093879,30.3963266568,3.0396316453,20.168206488,110.3041451754
209,CU191_02,Sicilia 1 - 02,Palermo - Libertà,12983.8079227159,135.230740487,55.2946590945,47.4251141583,69.4879852733,31.243651958,4.5624194916,21.1994014546,441.9461932699,153.3237116903,5.4804742559,29.7819417959,3.7734242714,49.2845015765,109.7470825038
210,CU191_03,Sicilia 1 - 03,Palermo - Settecannoli,4163.5716966718,111.0087223623,19.2280627683,38.4895088607,53.4185199728,38.6002616333,6.3116412486,8.2264005718,193.0414819506,86.8825205826,8.072608471,27.0048172287,2.3856074331,27.4241940632,114.2515665258
211,CU191_04,Sicilia 1 - 04,Gela,121.2937713306,122.7686703097,18.0546124246,42.1865712266,48.2052425619,34.474822793,8.8319567681,9.5258738588,227.2815194354,69.5351564911,12.1132814784,20.0084800281,2.7108357991,21.4850503407,107.3099989572
212,CU191_05,Sicilia 1 - 05,Bagheria,118.3492391533,128.453883932,11.4816114816,42.3508910135,47.8467324783,36.8478958467,9.3562411364,8.385471525,175.1023751024,50.8950508951,9.1918688379,22.4050072006,3.1112654163,20.1203264219,109.2792231418
213,CU191_06,Sicilia 1 - 06,Monreale,115.1295173246,110.9947228505,12.7224646733,40.5442898123,46.4198307187,38.9647495362,9.0916590392,6.7440311212,146.9589058875,46.0390337286,8.2539070502,21.6035473726,2.6778495698,15.0665796146,111.050312578
214,CU191_07,Sicilia 1 - 07,Agrigento,202.2852584299,120.1157742402,22.9550233345,40.9944872175,46.8642382107,31.2681848159,9.7176657719,9.5318199373,192.9774176453,64.9742721849,6.6945921541,20.2731513996,2.4253685643,16.7764267153,110.4588561086
215,CU191_08,Sicilia 1 - 08,Marsala,192.1590592567,146.4024390244,18.9980666256,45.5334455992,54.2083313293,32.4068791263,8.2558179677,9.5955259832,219.9850881638,64.953634518,8.4905660377,23.9590480274,3.4704788853,11.6405039901,105.3647098032
216,CU191_09,Sicilia 1 - 09,Mazara del Vallo,111.3833679839,144.7786363293,25.3855010785,42.7314540478,52.1615083025,31.8809491889,10.556557352,9.3108738589,187.4307701277,58.2806214656,7.0944542528,20.4966767058,3.1804128144,12.0617395795,108.4117075684
217,CU192_01,Sicilia 2 - 01,Messina,665.5573733362,150.4434997113,42.1074823,45.6919929588,64.864765393,29.4066582751,3.8725780523,15.9599614292,247.4903814058,96.4143286309,5.9948777226,26.7650325242,5.5201176725,29.6821271491,106.2975765916
218,CU192_02,Sicilia 2 - 02,Barcellona Pozzo di Gotto,164.1722140309,159.4802906849,35.3284699363,49.8746915207,66.8625527877,26.2131226826,6.5763314057,10.3384891108,225.4140030248,56.2891603015,9.102923546,23.4761594593,4.4069259221,27.7898244351,102.8417065671
219,CU192_03,Sicilia 2 - 03,Enna,64.0530986955,145.3109296482,15.7856192339,44.5467698912,53.2482999181,33.2705685444,9.6556755642,9.3613442607,194.3573667712,71.0911055739,7.999939337,17.8394855774,2.7794540002,30.9421398965,105.4875543027
220,CU192_04,Sicilia 2 - 04,Acireale,244.3926949821,110.2583763186,21.3960325379,45.6196704159,55.183636771,31.362498991,6.6484295065,10.5674825532,184.099616178,51.4626776641,7.940897598,24.1184305581,3.1224715636,21.147664844,106.6485786774
221,CU192_05,Sicilia 2 - 05,Catania,1606.9177588373,139.624154111,23.780035522,41.7604992849,61.1520926742,38.3916783357,6.120006838,13.9288306697,360.3037747276,114.9430762635,8.3720193491,30.0045082916,2.965358837,33.8898854698,115.9733245012
222,CU192_06,Sicilia 2 - 06,Misterbianco,774.5784050384,90.8197543244,12.9047626871,46.6305763692,56.6702905875,30.0595656864,4.1857247376,12.5436555648,200.0977509077,38.4514284776,9.8001663181,29.271980445,3.6857040618,8.425616135,105.7888132186
223,CU192_07,Sicilia 2 - 07,Paternò,142.3761915715,104.1311816762,18.8202501025,39.9255619755,41.4710387907,41.0675501565,11.5837565609,7.1317265047,150.4820625465,52.8913326058,7.0198520217,17.9762401,2.2957277007,15.7008203875,116.6659686222
224,CU192_08,Sicilia 2 - 08,Ragusa,191.5389345793,122.4729551128,56.7732998896,51.8281437092,57.4880007731,35.6166956195,7.3825879452,10.209831378,246.0588136196,65.413773094,7.5901941152,20.7185383762,2.8934312364,17.9811711395,104.2942681905
225,CU192_09,Sicilia 2 - 09,Avola,126.3127729668,128.8075785994,26.0704500612,43.1609657097,48.4037171944,34.5062304441,9.2704355114,8.6610026275,162.2857463461,52.5663683713,8.2354075908,19.3997460093,3.4924582105,14.5260508901,111.9892154488
226,CU192_10,Sicilia 2 - 10,Siracusa,342.9827081159,127.7030347709,23.3805006448,46.2970380244,54.0555909572,32.0571523142,5.0697814413,11.2510163152,265.2896284912,68.118783896,16.0823765467,24.1792999666,4.6320330659,6.9634848292,105.3022233343
227,CU201_01,Sardegna - 01,Cagliari,408.1316246929,180.3831441264,23.3409416936,53.3234790484,77.6680013611,35.5065142249,3.972836562,18.2620603797,388.1641709832,118.2204916932,7.2423477617,29.4760612559,6.1798159296,11.7212785311,99.7117774553
228,CU201_02,Sardegna - 02,Nuoro,37.2217098411,178.8936796719,12.0984148696,51.4762778783,71.9098408727,40.0549097494,6.7521705012,9.5838737514,230.6100717681,69.3094164192,9.1723045195,20.9853876915,4.4508318472,19.201887029,97.4926190041
229,CU201_03,Sardegna - 03,Carbonia,103.2110274105,139.3214162604,12.0812401763,50.6318420219,65.6971578899,42.3810746064,6.446381151,8.7649314585,241.4861158196,51.0432397448,13.7560382336,24.4278666621,5.5152082358,11.9501466276,98.3691482885
230,CU201_04,Sardegna - 04,Sassari,124.5636469122,157.7054581624,17.0318941202,52.2275179086,74.2916178074,38.4014522251,4.9899202621,13.0203859192,276.1057558194,75.4850757834,9.3224972928,26.7666641649,5.7219323001,15.5783124079,98.3894834427
231,CU201_05,Sardegna - 05,Olbia,37.3686094584,150.1650554115,37.8604336356,52.7752086687,66.6413057698,42.9380413058,6.1525886059,8.1528491785,252.6438850304,51.3317489251,10.3369551431,27.0335686805,8.333699723,15.2180745503,98.1189105769
232,CU201_06,Sardegna - 06,Oristano,56.2536578846,186.4987020919,11.0006720668,49.4997247162,64.1610731414,43.2067835807,7.6767276579,7.1938933082,212.3058965017,57.2954617806,9.165099938,21.9254482244,4.9824749642,15.7447179264,97.9255607107
